"dwd_airport","dwd_urban","uni","wbi"
1.70959239246121,0.914073859443085,0.918032136747249,1.64946986096581
0.86525553680807,0.927812111556347,0.923505179846484,0.887131859687266
